species,Female_Hormonal_Mean,Female_Hormonal_SE,Female_Hormonal_Lower,Female_Hormonal_Upper,Female_Immunological_Mean,Female_Immunological_SE,Female_Immunological_Lower,Female_Immunological_Upper,Female_Surgical_Mean,Female_Surgical_SE,Female_Surgical_Lower,Female_Surgical_Upper,Female_Undetermined_Mean,Female_Undetermined_SE,Female_Undetermined_Lower,Female_Undetermined_Upper,Male_Hormonal_Mean,Male_Hormonal_SE,Male_Hormonal_Lower,Male_Hormonal_Upper,Male_Immunological_Mean,Male_Immunological_SE,Male_Immunological_Lower,Male_Immunological_Upper,Male_Surgical_Mean,Male_Surgical_SE,Male_Surgical_Lower,Male_Surgical_Upper,Male_Undetermined_Mean,Male_Undetermined_SE,Male_Undetermined_Lower,Male_Undetermined_Upper
Acinonyx jubatus,NA,NA,NA,NA,NA,NA,NA,NA,NA,NA,NA,NA,NA,NA,NA,NA,NA,NA,NA,NA,NA,NA,NA,NA,-0.12706889,0.214566273,-0.563611538,0.267578677,NA,NA,NA,NA
Addax nasomaculatus,NA,NA,NA,NA,NA,NA,NA,NA,NA,NA,NA,NA,NA,NA,NA,NA,NA,NA,NA,NA,NA,NA,NA,NA,-0.264129543,-0.565083509,0.17998665,-0.229739776,0.1493172,0.01547508,0.19774352,0.551747473
Aepyceros melampus,NA,NA,NA,NA,NA,NA,NA,NA,NA,NA,NA,NA,NA,NA,NA,NA,NA,NA,NA,NA,NA,NA,NA,NA,-0.379759266,0.11912636,-0.620981299,-0.160021754,NA,NA,NA,NA
Ailurus fulgens,0.319175712,0.177214697,-0.037549948,0.665767041,NA,NA,NA,NA,NA,NA,NA,NA,NA,NA,NA,NA,NA,NA,NA,NA,NA,NA,NA,NA,NA,NA,NA,NA,NA,NA,NA,NA
Alouatta caraya,-0.972740648,-1.562368022,-0.895619885,-1.399099566,NA,NA,NA,NA,NA,NA,NA,NA,0.292734833,-0.431459981,0.252107691,-0.40983441,NA,NA,NA,NA,NA,NA,NA,NA,-0.072413274,0.306007737,-0.699970462,0.486941484,NA,NA,NA,NA
Ammotragus lervia,NA,NA,NA,NA,NA,NA,NA,NA,NA,NA,NA,NA,NA,NA,NA,NA,NA,NA,NA,NA,NA,NA,NA,NA,-0.055561775,0.116730151,-0.295658691,0.161599988,NA,NA,NA,NA
Antidorcas marsupialis,NA,NA,NA,NA,NA,NA,NA,NA,NA,NA,NA,NA,NA,NA,NA,NA,NA,NA,NA,NA,NA,NA,NA,NA,0.107470229,0.159687587,-0.217567375,0.409785196,NA,NA,NA,NA
Antilope cervicapra,NA,NA,NA,NA,NA,NA,NA,NA,NA,NA,NA,NA,NA,NA,NA,NA,NA,NA,NA,NA,NA,NA,NA,NA,-0.549955478,0.080682375,-0.709716239,-0.394553382,NA,NA,NA,NA
Aonyx cinereus,-0.330900067,-0.694442702,0.465905174,0.037044094,NA,NA,NA,NA,NA,NA,NA,NA,0.177030947,-0.001544597,0.205481958,0.855998405,-0.242595999,-0.875463196,-0.056234363,-0.344682992,NA,NA,NA,NA,0.307512363,0.320208527,0.145091797,0.218942229,NA,NA,NA,NA
Arctictis binturong,NA,NA,NA,NA,NA,NA,NA,NA,NA,NA,NA,NA,NA,NA,NA,NA,NA,NA,NA,NA,NA,NA,NA,NA,-0.097472496,0.303470508,-0.721143547,0.470158507,NA,NA,NA,NA
Artibeus jamaicensis,NA,NA,NA,NA,NA,NA,NA,NA,NA,NA,NA,NA,NA,NA,NA,NA,NA,NA,NA,NA,NA,NA,NA,NA,-0.563368414,0.15033911,-0.870244946,-0.274870938,NA,NA,NA,NA
Ateles fusciceps,-0.408953573,0.480119348,-1.42361535,0.441875617,NA,NA,NA,NA,NA,NA,NA,NA,NA,NA,NA,NA,NA,NA,NA,NA,NA,NA,NA,NA,NA,NA,NA,NA,NA,NA,NA,NA
Ateles geoffroyi,-0.162997655,0.393421589,-0.993991882,0.553655129,NA,NA,NA,NA,NA,NA,NA,NA,NA,NA,NA,NA,NA,NA,NA,NA,NA,NA,NA,NA,0.098009346,0.238897723,-0.397974684,0.554878951,NA,NA,NA,NA
Axis axis,0.133538213,0.178105724,-0.236693075,0.472397653,NA,NA,NA,NA,NA,NA,NA,NA,NA,NA,NA,NA,NA,NA,NA,NA,NA,NA,NA,NA,0.438361554,0.142853581,0.149141733,0.703552484,NA,NA,NA,NA
Bison bison,NA,NA,NA,NA,-0.480912587,0.372511279,-1.295464224,0.189493616,NA,NA,NA,NA,NA,NA,NA,NA,NA,NA,NA,NA,NA,NA,NA,NA,-0.079506712,0.146380339,-0.376247865,0.199619507,NA,NA,NA,NA
Bos grunniens,NA,NA,NA,NA,NA,NA,NA,NA,NA,NA,NA,NA,NA,NA,NA,NA,NA,NA,NA,NA,NA,NA,NA,NA,-0.167929668,0.277406364,-0.740407589,0.358386729,NA,NA,NA,NA
Bos javanicus,NA,NA,NA,NA,NA,NA,NA,NA,NA,NA,NA,NA,NA,NA,NA,NA,NA,NA,NA,NA,NA,NA,NA,NA,0.355103191,0.316507459,-0.296740425,0.936035134,NA,NA,NA,NA
Bos taurus,NA,NA,NA,NA,NA,NA,NA,NA,NA,NA,NA,NA,NA,NA,NA,NA,NA,NA,NA,NA,NA,NA,NA,NA,-0.463131206,-0.726272395,-0.387028121,-0.931289455,0.130870059,-0.202651153,0.25953108,0.088114395
Boselaphus tragocamelus,NA,NA,NA,NA,NA,NA,NA,NA,NA,NA,NA,NA,NA,NA,NA,NA,NA,NA,NA,NA,NA,NA,NA,NA,0.08354828,0.170802504,-0.252184795,0.39847084,NA,NA,NA,NA
Bubalus bubalis,NA,NA,NA,NA,NA,NA,NA,NA,NA,NA,NA,NA,NA,NA,NA,NA,NA,NA,NA,NA,NA,NA,NA,NA,-1.051187234,0.328717994,-1.711492483,-0.44407211,NA,NA,NA,NA
Callimico goeldii,0.110521359,0.215002145,-0.331714866,0.512278397,NA,NA,NA,NA,NA,NA,NA,NA,NA,NA,NA,NA,NA,NA,NA,NA,NA,NA,NA,NA,NA,NA,NA,NA,NA,NA,NA,NA
Callithrix geoffroyi,0.088751814,0.154056272,-0.215474465,0.389677422,NA,NA,NA,NA,NA,NA,NA,NA,NA,NA,NA,NA,NA,NA,NA,NA,NA,NA,NA,NA,NA,NA,NA,NA,NA,NA,NA,NA
Callithrix jacchus,-0.053763747,0.134820998,-0.32456208,0.197400118,NA,NA,NA,NA,NA,NA,NA,NA,NA,NA,NA,NA,NA,NA,NA,NA,NA,NA,NA,NA,-0.426677881,0.155200394,-0.74547297,-0.126782827,NA,NA,NA,NA
Camelus bactrianus,NA,NA,NA,NA,NA,NA,NA,NA,NA,NA,NA,NA,NA,NA,NA,NA,NA,NA,NA,NA,NA,NA,NA,NA,0.267818631,0.175435758,-0.082172206,0.604847841,NA,NA,NA,NA
Camelus dromedarius,NA,NA,NA,NA,NA,NA,NA,NA,NA,NA,NA,NA,NA,NA,NA,NA,NA,NA,NA,NA,NA,NA,NA,NA,-0.048045847,0.243338748,-0.532696127,0.413985236,NA,NA,NA,NA
Canis latrans,NA,NA,NA,NA,NA,NA,NA,NA,-0.596739923,0.28588834,-1.176086895,-0.073619069,NA,NA,NA,NA,NA,NA,NA,NA,NA,NA,NA,NA,-0.625630027,0.195408991,-1.035137818,-0.256375583,NA,NA,NA,NA
Canis lupus,0.540430374,0.835837763,-0.332861528,0.180691966,NA,NA,NA,NA,0.157013829,-0.163041484,0.00308402,-0.537690321,0.225404434,0.087258721,-0.165742656,0.177068791,NA,NA,NA,NA,NA,NA,NA,NA,0.036593681,-0.107920854,-0.065319976,-0.457537182,0.07379963,0.180415158,0.196645612,0.29912726
Capra aegagrus,NA,NA,NA,NA,NA,NA,NA,NA,NA,NA,NA,NA,NA,NA,NA,NA,NA,NA,NA,NA,NA,NA,NA,NA,-0.451701934,0.351812197,-1.175049633,0.201411065,NA,NA,NA,NA
Capra falconeri,NA,NA,NA,NA,NA,NA,NA,NA,NA,NA,NA,NA,NA,NA,NA,NA,NA,NA,NA,NA,NA,NA,NA,NA,-0.096943816,0.236622895,-0.593939311,0.346543534,NA,NA,NA,NA
Capra hircus,0.195286461,0.262597971,-0.357181866,0.676397017,NA,NA,NA,NA,NA,NA,NA,NA,NA,NA,NA,NA,NA,NA,NA,NA,NA,NA,NA,NA,-0.039336241,-0.126867415,-0.055121499,-0.261755512,0.045131114,0.048805008,0.103743349,0.144916
Capra nubiana,NA,NA,NA,NA,NA,NA,NA,NA,NA,NA,NA,NA,NA,NA,NA,NA,NA,NA,NA,NA,NA,NA,NA,NA,-0.309206559,0.208874904,-0.742013782,0.074982143,NA,NA,NA,NA
Carollia perspicillata,NA,NA,NA,NA,NA,NA,NA,NA,NA,NA,NA,NA,NA,NA,NA,NA,NA,NA,NA,NA,NA,NA,NA,NA,-0.975368728,0.212115851,-1.415610885,-0.589220594,NA,NA,NA,NA
Cavia porcellus,NA,NA,NA,NA,NA,NA,NA,NA,0.403526277,0.183211542,0.027949666,0.754947041,NA,NA,NA,NA,NA,NA,NA,NA,NA,NA,NA,NA,-0.15114793,0.112595051,-0.375921678,0.066471142,NA,NA,NA,NA
Cebuella pygmaea,-0.268300489,0.252858873,-0.793605158,0.194672404,NA,NA,NA,NA,NA,NA,NA,NA,NA,NA,NA,NA,NA,NA,NA,NA,NA,NA,NA,NA,NA,NA,NA,NA,NA,NA,NA,NA
Cebus capucinus,NA,NA,NA,NA,NA,NA,NA,NA,NA,NA,NA,NA,NA,NA,NA,NA,NA,NA,NA,NA,NA,NA,NA,NA,-1.544786627,0.642127151,-2.979515444,-0.415941991,NA,NA,NA,NA
Cercopithecus neglectus,-0.39949683,0.437149816,-1.353117927,0.387368113,NA,NA,NA,NA,NA,NA,NA,NA,NA,NA,NA,NA,NA,NA,NA,NA,NA,NA,NA,NA,NA,NA,NA,NA,NA,NA,NA,NA
Cervus canadensis,-0.018089786,0.222186763,-0.469236922,0.395914241,NA,NA,NA,NA,NA,NA,NA,NA,NA,NA,NA,NA,NA,NA,NA,NA,NA,NA,NA,NA,-0.67675897,0.250219201,-1.189147732,-0.22645109,NA,NA,NA,NA
Cervus elaphus,NA,NA,NA,NA,NA,NA,NA,NA,NA,NA,NA,NA,NA,NA,NA,NA,NA,NA,NA,NA,NA,NA,NA,NA,0.158998038,0.163908145,-0.169379757,0.46697986,NA,NA,NA,NA
Cervus nippon,NA,NA,NA,NA,NA,NA,NA,NA,NA,NA,NA,NA,NA,NA,NA,NA,NA,NA,NA,NA,NA,NA,NA,NA,0.264560466,0.154763699,-0.044713839,0.566449479,NA,NA,NA,NA
Chinchilla lanigera,NA,NA,NA,NA,NA,NA,NA,NA,NA,NA,NA,NA,NA,NA,NA,NA,NA,NA,NA,NA,NA,NA,NA,NA,-0.133102903,0.193712402,-0.543172784,0.23656311,NA,NA,NA,NA
Chlorocebus aethiops,NA,NA,NA,NA,NA,NA,NA,NA,NA,NA,NA,NA,NA,NA,NA,NA,NA,NA,NA,NA,NA,NA,NA,NA,-0.323318963,0.428863781,-1.238519871,0.440934298,NA,NA,NA,NA
Chrysocyon brachyurus,NA,NA,NA,NA,NA,NA,NA,NA,NA,NA,NA,NA,NA,NA,NA,NA,NA,NA,NA,NA,NA,NA,NA,NA,NA,NA,NA,NA,NA,NA,NA,NA
Colobus angolensis,-0.604683345,0.422917346,-1.494235397,0.163103491,NA,NA,NA,NA,NA,NA,NA,NA,NA,NA,NA,NA,NA,NA,NA,NA,NA,NA,NA,NA,NA,NA,NA,NA,NA,NA,NA,NA
Colobus guereza,-0.704887763,-1.057747776,-0.422189008,-0.733115471,NA,NA,NA,NA,NA,NA,NA,NA,0.175406469,-0.373262868,0.158175147,-0.118929863,NA,NA,NA,NA,NA,NA,NA,NA,-0.023098292,0.196571768,-0.432030533,0.34365387,NA,NA,NA,NA
Connochaetes taurinus,NA,NA,NA,NA,NA,NA,NA,NA,NA,NA,NA,NA,NA,NA,NA,NA,NA,NA,NA,NA,NA,NA,NA,NA,-0.50187781,-0.813697152,0.237437903,-0.359096727,0.155967658,-0.19771071,0.29071065,0.771312133
Crocuta crocuta,NA,NA,NA,NA,NA,NA,NA,NA,NA,NA,NA,NA,NA,NA,NA,NA,NA,NA,NA,NA,NA,NA,NA,NA,NA,NA,NA,NA,NA,NA,NA,NA
Cynomys ludovicianus,NA,NA,NA,NA,NA,NA,NA,NA,0.234190605,0.171450718,-0.112011216,0.556548948,NA,NA,NA,NA,NA,NA,NA,NA,NA,NA,NA,NA,0.078869643,0.102306265,-0.126001706,0.274854636,NA,NA,NA,NA
Dama dama,NA,NA,NA,NA,NA,NA,NA,NA,NA,NA,NA,NA,NA,NA,NA,NA,NA,NA,NA,NA,NA,NA,NA,NA,-0.170040359,-0.423750308,0.48522561,0.087725024,0.129455774,0.087313059,0.19847713,0.864728429
Damaliscus pygargus,NA,NA,NA,NA,NA,NA,NA,NA,NA,NA,NA,NA,NA,NA,NA,NA,NA,NA,NA,NA,NA,NA,NA,NA,-0.088030848,0.204583168,-0.508156498,0.301291391,NA,NA,NA,NA
Desmodus rotundus,NA,NA,NA,NA,NA,NA,NA,NA,NA,NA,NA,NA,NA,NA,NA,NA,NA,NA,NA,NA,NA,NA,NA,NA,-0.797053002,0.234582306,-1.278722352,-0.3555977,NA,NA,NA,NA
Didelphis virginiana,NA,NA,NA,NA,NA,NA,NA,NA,NA,NA,NA,NA,NA,NA,NA,NA,NA,NA,NA,NA,NA,NA,NA,NA,-0.443803533,0.125292105,-0.695652342,-0.203647031,NA,NA,NA,NA
Dolichotis patagonum,NA,NA,NA,NA,NA,NA,NA,NA,NA,NA,NA,NA,NA,NA,NA,NA,NA,NA,NA,NA,NA,NA,NA,NA,-0.256868666,0.12728315,-0.507263059,-0.016931313,NA,NA,NA,NA
Eidolon helvum,NA,NA,NA,NA,NA,NA,NA,NA,-0.31447438,0.221821583,-0.770667986,0.110636927,NA,NA,NA,NA,NA,NA,NA,NA,NA,NA,NA,NA,-0.464670208,0.161783502,-0.782698475,-0.151879199,NA,NA,NA,NA
Equus asinus,NA,NA,NA,NA,NA,NA,NA,NA,NA,NA,NA,NA,NA,NA,NA,NA,NA,NA,NA,NA,NA,NA,NA,NA,-0.316342639,0.127770121,-0.567821886,-0.067713578,NA,NA,NA,NA
Equus caballus,NA,NA,NA,NA,NA,NA,NA,NA,NA,NA,NA,NA,NA,NA,NA,NA,NA,NA,NA,NA,NA,NA,NA,NA,-0.500058863,-0.657600205,-0.472135262,-0.929056567,0.077215971,-0.352172562,0.220818377,-0.061718609
Equus hemionus,NA,NA,NA,NA,NA,NA,NA,NA,NA,NA,NA,NA,NA,NA,NA,NA,NA,NA,NA,NA,NA,NA,NA,NA,-1.330940443,0.526860613,-2.450242783,-0.387942105,NA,NA,NA,NA
Equus quagga,NA,NA,NA,NA,NA,NA,NA,NA,NA,NA,NA,NA,NA,NA,NA,NA,NA,NA,NA,NA,NA,NA,NA,NA,-0.696340702,0.164909814,-1.035440302,-0.389286275,NA,NA,NA,NA
Erythrocebus patas,-0.081097254,0.241938864,-0.57825662,0.363731787,NA,NA,NA,NA,NA,NA,NA,NA,NA,NA,NA,NA,NA,NA,NA,NA,NA,NA,NA,NA,-0.045007826,0.198756126,-0.452271883,0.328695875,NA,NA,NA,NA
Eudorcas thomsonii,NA,NA,NA,NA,NA,NA,NA,NA,NA,NA,NA,NA,NA,NA,NA,NA,NA,NA,NA,NA,NA,NA,NA,NA,-0.813350135,0.154307017,-1.11627752,-0.509526975,NA,NA,NA,NA
Eulemur coronatus,-1.230829983,0.51331429,-2.302562173,-0.285565858,NA,NA,NA,NA,NA,NA,NA,NA,NA,NA,NA,NA,NA,NA,NA,NA,NA,NA,NA,NA,NA,NA,NA,NA,NA,NA,NA,NA
Eulemur macaco,-0.939061987,0.428508207,-1.873148988,-0.183137495,NA,NA,NA,NA,NA,NA,NA,NA,NA,NA,NA,NA,NA,NA,NA,NA,NA,NA,NA,NA,NA,NA,NA,NA,NA,NA,NA,NA
Eulemur rubriventer,-0.06133408,0.412024452,-0.907454787,0.69894956,NA,NA,NA,NA,NA,NA,NA,NA,NA,NA,NA,NA,NA,NA,NA,NA,NA,NA,NA,NA,NA,NA,NA,NA,NA,NA,NA,NA
Felis catus,NA,NA,NA,NA,NA,NA,NA,NA,-0.843634606,0.243807534,-1.336184957,-0.378496207,NA,NA,NA,NA,NA,NA,NA,NA,NA,NA,NA,NA,-0.724223131,-1.110876558,-1.007112907,-1.83370098,0.195986821,-0.350465726,0.39828479,-0.27307492
Giraffa camelopardalis,-0.404719551,-0.075497128,-0.664433093,0.16630957,0.176106288,-0.264754487,0.104427274,-0.728613464,NA,NA,NA,NA,-0.763292369,0.196514376,-0.388666752,-0.075706239,NA,NA,NA,NA,-0.501108898,-1.520230871,-0.399694609,-0.707617343,0.470033682,0.314526147,0.153230355,-0.108262815,NA,NA,NA,NA
Gorilla gorilla,-1.057101706,-1.786552754,-0.653093882,-1.277583174,NA,NA,NA,NA,NA,NA,NA,NA,0.361173214,-0.373560615,0.299582559,-0.090806323,NA,NA,NA,NA,NA,NA,NA,NA,NA,NA,NA,NA,NA,NA,NA,NA
Hemitragus jemlahicus,NA,NA,NA,NA,NA,NA,NA,NA,NA,NA,NA,NA,NA,NA,NA,NA,NA,NA,NA,NA,NA,NA,NA,NA,-0.332928075,0.200345042,-0.739637478,0.038439123,NA,NA,NA,NA
Hippopotamus amphibius,-1.68303699,1.178415232,-4.544312055,0.108437277,NA,NA,NA,NA,NA,NA,NA,NA,NA,NA,NA,NA,NA,NA,NA,NA,NA,NA,NA,NA,NA,NA,NA,NA,NA,NA,NA,NA
Hippotragus niger,NA,NA,NA,NA,NA,NA,NA,NA,NA,NA,NA,NA,NA,NA,NA,NA,NA,NA,NA,NA,NA,NA,NA,NA,-0.010844576,0.258720703,-0.5388399,0.470801069,NA,NA,NA,NA
Hydrochoerus hydrochaeris,-0.003889286,0.244512686,-0.499375047,0.44400972,NA,NA,NA,NA,NA,NA,NA,NA,NA,NA,NA,NA,NA,NA,NA,NA,NA,NA,NA,NA,0.071443987,0.12512491,-0.177482787,0.314850995,NA,NA,NA,NA
Hylobates lar,-0.189344018,0.305396404,-0.823782313,0.374875039,NA,NA,NA,NA,NA,NA,NA,NA,NA,NA,NA,NA,NA,NA,NA,NA,NA,NA,NA,NA,NA,NA,NA,NA,NA,NA,NA,NA
Hystrix indica,NA,NA,NA,NA,NA,NA,NA,NA,NA,NA,NA,NA,NA,NA,NA,NA,NA,NA,NA,NA,NA,NA,NA,NA,-0.209753762,0.352246334,-0.934209977,0.428241158,NA,NA,NA,NA
Kobus ellipsiprymnus,NA,NA,NA,NA,NA,NA,NA,NA,NA,NA,NA,NA,NA,NA,NA,NA,NA,NA,NA,NA,NA,NA,NA,NA,-0.535144494,0.123921115,-0.790142612,-0.299847078,NA,NA,NA,NA
Kobus leche,NA,NA,NA,NA,NA,NA,NA,NA,NA,NA,NA,NA,NA,NA,NA,NA,NA,NA,NA,NA,NA,NA,NA,NA,-0.348655519,0.196435401,-0.750132554,0.020291484,NA,NA,NA,NA
Kobus megaceros,NA,NA,NA,NA,NA,NA,NA,NA,NA,NA,NA,NA,NA,NA,NA,NA,NA,NA,NA,NA,NA,NA,NA,NA,-0.170689215,0.176728714,-0.521886804,0.157537123,NA,NA,NA,NA
Lama glama,NA,NA,NA,NA,NA,NA,NA,NA,NA,NA,NA,NA,NA,NA,NA,NA,NA,NA,NA,NA,NA,NA,NA,NA,0.140982354,-0.097714122,-0.07704155,-0.575843305,0.117334372,0.359775338,0.245164086,0.382421788
Lama guanicoe,NA,NA,NA,NA,NA,NA,NA,NA,NA,NA,NA,NA,NA,NA,NA,NA,NA,NA,NA,NA,NA,NA,NA,NA,-0.263081283,0.192396235,-0.660469501,0.102423786,NA,NA,NA,NA
Lemur catta,-0.334309799,-0.120506668,-0.338547945,0.154013467,NA,NA,NA,NA,0.113685309,0.05023374,0.411655515,-0.324318558,-0.557375663,0.192234776,-0.011403511,0.280003494,0.245511637,0.933545183,-0.319378273,0.287240985,NA,NA,NA,NA,0.392097549,-0.113415934,0.093849278,-0.51518941,-0.586514561,0.106794957,0.07609983,0.59523477
Leontopithecus chrysomelas,-0.499294051,-0.873670759,-0.121597971,-0.479747118,NA,NA,NA,NA,NA,NA,NA,NA,0.184689108,-0.147060693,0.178264839,0.216768013,NA,NA,NA,NA,NA,NA,NA,NA,NA,NA,NA,NA,NA,NA,NA,NA
Leontopithecus rosalia,-0.221110459,-0.499596527,0.046950394,-0.215563423,NA,NA,NA,NA,NA,NA,NA,NA,0.140398505,0.045894812,0.132129206,0.299520001,NA,NA,NA,NA,NA,NA,NA,NA,NA,NA,NA,NA,NA,NA,NA,NA
Leptailurus serval,NA,NA,NA,NA,NA,NA,NA,NA,-0.095163919,0.232130789,-0.550198466,0.343769149,NA,NA,NA,NA,NA,NA,NA,NA,NA,NA,NA,NA,-0.259930289,0.175354739,-0.618257855,0.069199102,NA,NA,NA,NA
Lycaon pictus,0.34501767,0.651978934,0.081404637,0.128565509,NA,NA,NA,NA,0.162704589,0.34232613,0.585048908,0.000528426,0.017603703,0.131121345,0.263497058,0.511093876,-0.13882493,0.150756369,-0.026805841,0.148166069,NA,NA,NA,NA,0.150480334,0.442310174,0.848669797,-0.12730343,-0.448638102,0.220516796,0.171251366,0.450003389
Lynx lynx,-0.343330396,0.393702107,-1.195315263,0.355988715,NA,NA,NA,NA,NA,NA,NA,NA,NA,NA,NA,NA,NA,NA,NA,NA,NA,NA,NA,NA,0.347773428,0.186101492,-0.026363757,0.704788155,NA,NA,NA,NA
Lynx rufus,NA,NA,NA,NA,NA,NA,NA,NA,-0.278525807,0.229908059,-0.751606656,0.147284243,NA,NA,NA,NA,NA,NA,NA,NA,NA,NA,NA,NA,-0.56804685,0.180259045,-0.937999464,-0.234154474,NA,NA,NA,NA
Macaca fascicularis,0.204653082,-0.319528243,-0.084565302,-0.542868921,NA,NA,NA,NA,0.257819517,0.69147369,0.223646907,0.315555171,NA,NA,NA,NA,NA,NA,NA,NA,NA,NA,NA,NA,-0.12899321,0.214678027,-0.58650502,0.275094597,NA,NA,NA,NA
Macaca fuscata,-0.196272239,0.094035077,-1.868218433,0.18051764,NA,NA,NA,NA,0.154141171,-1.160349713,-0.547180667,-0.438603004,-0.515026091,0.342401264,-0.080344505,0.263087735,NA,NA,NA,NA,NA,NA,NA,NA,-0.379209196,-0.667263818,-0.34475192,-0.921554979,0.147080155,-0.10051048,0.279925064,0.16601305
Macaca leonina,NA,NA,NA,NA,NA,NA,NA,NA,NA,NA,NA,NA,NA,NA,NA,NA,NA,NA,NA,NA,NA,NA,NA,NA,0.1292093,0.354547087,-0.590816281,0.793726645,NA,NA,NA,NA
Macaca mulatta,NA,NA,NA,NA,NA,NA,NA,NA,-1.008204598,0.554000687,-2.157645174,-0.046417268,NA,NA,NA,NA,NA,NA,NA,NA,NA,NA,NA,NA,-0.993294906,0.299194902,-1.625717774,-0.448964778,NA,NA,NA,NA
Macaca nemestrina,NA,NA,NA,NA,NA,NA,NA,NA,NA,NA,NA,NA,NA,NA,NA,NA,NA,NA,NA,NA,NA,NA,NA,NA,-0.408391915,0.337379652,-1.104985599,0.211505764,NA,NA,NA,NA
Macaca nigra,0.108999659,0.21322825,-0.311779525,0.516960308,NA,NA,NA,NA,NA,NA,NA,NA,NA,NA,NA,NA,NA,NA,NA,NA,NA,NA,NA,NA,0.564038516,0.182397479,0.201308607,0.913132209,NA,NA,NA,NA
Macaca silenus,-0.113734107,0.280092291,-0.689165657,0.416295243,NA,NA,NA,NA,NA,NA,NA,NA,NA,NA,NA,NA,NA,NA,NA,NA,NA,NA,NA,NA,-0.093807625,0.221457709,-0.540887799,0.327515815,NA,NA,NA,NA
Macaca sylvanus,-0.350888768,0.141170198,-0.62979234,-0.089419731,NA,NA,NA,NA,NA,NA,NA,NA,NA,NA,NA,NA,NA,NA,NA,NA,NA,NA,NA,NA,-0.518716964,0.157803221,-0.837914181,-0.216280931,NA,NA,NA,NA
Macaca tonkeana,0.642599035,0.287623198,0.062741995,1.195039582,NA,NA,NA,NA,NA,NA,NA,NA,NA,NA,NA,NA,NA,NA,NA,NA,NA,NA,NA,NA,-0.077177601,0.3100352,-0.698282352,0.509598187,NA,NA,NA,NA
Macropus eugenii,NA,NA,NA,NA,NA,NA,NA,NA,NA,NA,NA,NA,NA,NA,NA,NA,NA,NA,NA,NA,NA,NA,NA,NA,-0.522255306,0.268869263,-1.094633549,-0.029921306,NA,NA,NA,NA
Macropus fuliginosus,NA,NA,NA,NA,NA,NA,NA,NA,NA,NA,NA,NA,NA,NA,NA,NA,NA,NA,NA,NA,NA,NA,NA,NA,-0.194186048,0.165469067,-0.524645197,0.118386542,NA,NA,NA,NA
Macropus giganteus,NA,NA,NA,NA,NA,NA,NA,NA,NA,NA,NA,NA,NA,NA,NA,NA,NA,NA,NA,NA,NA,NA,NA,NA,-0.833629258,0.13423978,-1.100832363,-0.576430299,NA,NA,NA,NA
Macropus parma,NA,NA,NA,NA,NA,NA,NA,NA,NA,NA,NA,NA,NA,NA,NA,NA,NA,NA,NA,NA,NA,NA,NA,NA,-0.294554067,0.199145901,-0.700194387,0.064076914,NA,NA,NA,NA
Macropus robustus,NA,NA,NA,NA,NA,NA,NA,NA,NA,NA,NA,NA,NA,NA,NA,NA,NA,NA,NA,NA,NA,NA,NA,NA,-0.059179321,0.208073892,-0.495392696,0.333812387,NA,NA,NA,NA
Macropus rufogriseus,NA,NA,NA,NA,NA,NA,NA,NA,NA,NA,NA,NA,NA,NA,NA,NA,NA,NA,NA,NA,NA,NA,NA,NA,-0.205464493,-0.327893579,0.29404819,0.005017795,0.061206167,-0.088406493,0.14202915,0.567530852
Macropus rufus,0.071509869,0.20424293,-0.351587845,0.443871643,NA,NA,NA,NA,NA,NA,NA,NA,NA,NA,NA,NA,NA,NA,NA,NA,NA,NA,NA,NA,-0.276402965,0.084329483,-0.438441583,-0.109816473,NA,NA,NA,NA
Mephitis mephitis,NA,NA,NA,NA,NA,NA,NA,NA,-0.558126584,0.209179315,-0.975256241,-0.161685741,NA,NA,NA,NA,NA,NA,NA,NA,NA,NA,NA,NA,-0.066939419,0.120688613,-0.309066619,0.160361555,NA,NA,NA,NA
Mungos mungo,NA,NA,NA,NA,NA,NA,NA,NA,NA,NA,NA,NA,NA,NA,NA,NA,NA,NA,NA,NA,NA,NA,NA,NA,0.009280453,0.28859643,-0.592700111,0.544605428,NA,NA,NA,NA
Muntiacus reevesi,-0.128525855,0.241860885,-0.638023069,0.30986958,NA,NA,NA,NA,NA,NA,NA,NA,NA,NA,NA,NA,NA,NA,NA,NA,NA,NA,NA,NA,-0.68247315,0.180538416,-1.043057639,-0.350798974,NA,NA,NA,NA
Mustela nigripes,NA,NA,NA,NA,NA,NA,NA,NA,0.025197252,0.166049159,-0.298445272,0.34478002,NA,NA,NA,NA,NA,NA,NA,NA,NA,NA,NA,NA,0.125232677,0.134117158,-0.14339616,0.382209663,NA,NA,NA,NA
Mustela putorius,0.42728106,0.82706865,-0.414832152,0.197195773,NA,NA,NA,NA,0.218329095,-0.235326065,-0.068946392,-0.697372882,-0.032352862,0.087996807,-0.305027894,0.086216437,NA,NA,NA,NA,NA,NA,NA,NA,0.084906252,-0.048953603,0.14394464,-0.233881729,0.068946045,0.222173931,0.19136278,0.504145525
Myocastor coypus,NA,NA,NA,NA,NA,NA,NA,NA,NA,NA,NA,NA,NA,NA,NA,NA,NA,NA,NA,NA,NA,NA,NA,NA,-0.082309943,0.18089503,-0.44896287,0.256276711,NA,NA,NA,NA
Nasua narica,NA,NA,NA,NA,NA,NA,NA,NA,NA,NA,NA,NA,NA,NA,NA,NA,NA,NA,NA,NA,NA,NA,NA,NA,0.031503052,0.178153975,-0.328325383,0.381098734,NA,NA,NA,NA
Nasua nasua,-0.004837681,0.425636104,-0.632029779,0.175637835,NA,NA,NA,NA,0.229449647,-0.109085204,0.348636592,-0.078800689,-0.487710731,0.253026268,0.278923262,0.606288541,NA,NA,NA,NA,NA,NA,NA,NA,-0.175430968,-0.383960389,0.020199894,-0.438685926,0.105806795,0.025159933,0.227324962,0.429035095
Neofelis nebulosa,NA,NA,NA,NA,NA,NA,NA,NA,NA,NA,NA,NA,NA,NA,NA,NA,NA,NA,NA,NA,NA,NA,NA,NA,NA,NA,NA,NA,NA,NA,NA,NA
Nyctereutes procyonoides,NA,NA,NA,NA,NA,NA,NA,NA,NA,NA,NA,NA,NA,NA,NA,NA,NA,NA,NA,NA,NA,NA,NA,NA,0.246978878,0.273197567,-0.30420349,0.756689029,NA,NA,NA,NA
Octodon degus,-0.294353378,0.169336811,-0.642128742,0.028127278,NA,NA,NA,NA,NA,NA,NA,NA,NA,NA,NA,NA,NA,NA,NA,NA,NA,NA,NA,NA,0.063959184,0.106977775,-0.142525544,0.270572597,NA,NA,NA,NA
Odocoileus virginianus,NA,NA,NA,NA,NA,NA,NA,NA,NA,NA,NA,NA,NA,NA,NA,NA,NA,NA,NA,NA,NA,NA,NA,NA,-0.294222302,0.12156727,-0.538644728,-0.06438224,NA,NA,NA,NA
Oryctolagus cuniculus,NA,NA,NA,NA,NA,NA,NA,NA,-0.420599794,-0.591817755,-0.358054081,-0.813470739,0.084122682,-0.255881054,0.216648591,0.044853031,NA,NA,NA,NA,NA,NA,NA,NA,-0.137170438,-0.257817909,0.123068456,-0.236689633,0.063133227,-0.014596044,0.171630166,0.449554501
Oryx dammah,NA,NA,NA,NA,NA,NA,NA,NA,NA,NA,NA,NA,NA,NA,NA,NA,NA,NA,NA,NA,NA,NA,NA,NA,-0.622093763,0.131916751,-0.893170334,-0.369862837,NA,NA,NA,NA
Oryx gazella,NA,NA,NA,NA,NA,NA,NA,NA,NA,NA,NA,NA,NA,NA,NA,NA,NA,NA,NA,NA,NA,NA,NA,NA,-0.629424333,0.25591556,-1.163426596,-0.150024682,NA,NA,NA,NA
Ovis aries,NA,NA,NA,NA,NA,NA,NA,NA,NA,NA,NA,NA,NA,NA,NA,NA,NA,NA,NA,NA,NA,NA,NA,NA,-0.424816656,-0.584757607,-0.880003423,-1.281969787,0.081617616,-0.26967305,0.199907361,-0.510945601
Ovis canadensis,NA,NA,NA,NA,NA,NA,NA,NA,NA,NA,NA,NA,NA,NA,NA,NA,NA,NA,NA,NA,NA,NA,NA,NA,-0.80571248,0.266253208,-1.343491452,-0.308149103,NA,NA,NA,NA
Pan paniscus,0.687639401,0.611071485,-0.577851354,1.793999528,NA,NA,NA,NA,NA,NA,NA,NA,NA,NA,NA,NA,NA,NA,NA,NA,NA,NA,NA,NA,NA,NA,NA,NA,NA,NA,NA,NA
Pan troglodytes,-0.434886446,-0.828573791,0.051865812,-0.317587739,NA,NA,NA,NA,NA,NA,NA,NA,0.194082208,-0.066276994,0.178658064,0.386440347,NA,NA,NA,NA,NA,NA,NA,NA,-0.987449188,-1.400984716,0.226158668,-0.359742594,0.197939634,-0.615836379,0.282661224,0.759645003
Panthera leo,-0.346987913,-0.146933338,-0.247931952,0.084154055,NA,NA,NA,NA,0.106097222,-0.033561636,0.175032711,-0.046830885,-0.558603384,0.108688883,0.121056194,0.282203281,NA,NA,NA,NA,NA,NA,NA,NA,0.266532782,0.056237421,0.392823171,-0.004425921,0.106610304,0.475450936,0.196324717,0.762582778
Panthera onca,-0.051908534,0.285505544,-0.642026266,0.482818715,NA,NA,NA,NA,NA,NA,NA,NA,NA,NA,NA,NA,NA,NA,NA,NA,NA,NA,NA,NA,NA,NA,NA,NA,NA,NA,NA,NA
Panthera pardus,-0.035231328,0.458645872,-0.264218057,0.183471823,NA,NA,NA,NA,0.270121627,0.1620032,0.545324004,0.104372941,-0.590593762,0.205735668,0.484155326,0.839965165,NA,NA,NA,NA,NA,NA,NA,NA,0.427235423,0.22290557,-0.031193774,0.833037921,NA,NA,NA,NA
Panthera tigris,0.042617062,0.317798418,-0.215672647,0.12035937,NA,NA,NA,NA,0.14400452,0.053176031,0.306564143,0.115322806,-0.242678485,0.133266836,0.35450109,0.580860689,NA,NA,NA,NA,NA,NA,NA,NA,0.304017138,0.06422354,0.377405381,0.015591543,0.121489573,0.540031702,0.173823039,0.709399432
Panthera uncia,NA,NA,NA,NA,NA,NA,NA,NA,NA,NA,NA,NA,-0.014776907,0.170538284,-0.353178673,0.307051939,NA,NA,NA,NA,NA,NA,NA,NA,NA,NA,NA,NA,NA,NA,NA,NA
Papio anubis,NA,NA,NA,NA,NA,NA,NA,NA,NA,NA,NA,NA,NA,NA,NA,NA,NA,NA,NA,NA,NA,NA,NA,NA,-1.068320959,0.339988533,-1.755890769,-0.438442315,NA,NA,NA,NA
Papio hamadryas,-0.592116427,-0.369767327,-0.805023522,0.145534923,NA,NA,NA,NA,0.111871809,-0.543451271,-0.29904744,-0.634772398,-0.810457237,0.129043302,-0.345281762,-0.06662067,NA,NA,NA,NA,NA,NA,NA,NA,-0.637123636,-0.876152087,-0.44692562,-0.847770912,0.118272286,-0.406333343,0.193756295,-0.085420736
Papio papio,0.030654878,0.301853278,-0.597100434,0.597723708,NA,NA,NA,NA,NA,NA,NA,NA,NA,NA,NA,NA,NA,NA,NA,NA,NA,NA,NA,NA,0.202063142,0.341523962,-0.511435977,0.834136706,NA,NA,NA,NA
Pecari tajacu,NA,NA,NA,NA,NA,NA,NA,NA,NA,NA,NA,NA,NA,NA,NA,NA,NA,NA,NA,NA,NA,NA,NA,NA,-0.859374246,0.181907696,-1.234465288,-0.521380703,NA,NA,NA,NA
Petaurus breviceps,NA,NA,NA,NA,NA,NA,NA,NA,NA,NA,NA,NA,NA,NA,NA,NA,NA,NA,NA,NA,NA,NA,NA,NA,0.178962595,0.126199541,-0.073777186,0.42521547,NA,NA,NA,NA
Petrogale xanthopus,-0.095044156,0.254938677,-0.613375,0.380092009,NA,NA,NA,NA,NA,NA,NA,NA,NA,NA,NA,NA,NA,NA,NA,NA,NA,NA,NA,NA,-0.743554849,0.211584233,-1.168454798,-0.344728874,NA,NA,NA,NA
Phacochoerus africanus,-0.150933093,0.27202132,-0.706207294,0.355821874,NA,NA,NA,NA,NA,NA,NA,NA,NA,NA,NA,NA,NA,NA,NA,NA,NA,NA,NA,NA,-0.006104854,0.302145996,-0.625610401,0.543214189,NA,NA,NA,NA
Phascolarctos cinereus,NA,NA,NA,NA,NA,NA,NA,NA,NA,NA,NA,NA,NA,NA,NA,NA,NA,NA,NA,NA,NA,NA,NA,NA,-1.112455467,0.261342212,-1.648390809,-0.633575951,NA,NA,NA,NA
Pithecia pithecia,-0.582945524,-1.036516584,-0.49649664,-0.938845263,NA,NA,NA,NA,NA,NA,NA,NA,0.218708107,-0.168986115,0.21493918,-0.098387194,NA,NA,NA,NA,NA,NA,NA,NA,-0.2864705,0.31694004,-0.963505811,0.285201771,NA,NA,NA,NA
Pongo abelii,-0.741535127,0.500831891,-1.813358142,0.153825354,NA,NA,NA,NA,NA,NA,NA,NA,NA,NA,NA,NA,NA,NA,NA,NA,NA,NA,NA,NA,NA,NA,NA,NA,NA,NA,NA,NA
Pongo pygmaeus,-0.941819017,-1.830551837,-0.731920782,-1.682358066,NA,NA,NA,NA,NA,NA,NA,NA,0.421004027,-0.17945366,0.450152968,0.075330006,NA,NA,NA,NA,NA,NA,NA,NA,NA,NA,NA,NA,NA,NA,NA,NA
Potamochoerus porcus,0.057535502,0.22681523,-0.41726443,0.486199829,NA,NA,NA,NA,NA,NA,NA,NA,NA,NA,NA,NA,NA,NA,NA,NA,NA,NA,NA,NA,-0.269869242,0.302539864,-0.900419269,0.281352053,NA,NA,NA,NA
Potos flavus,NA,NA,NA,NA,NA,NA,NA,NA,NA,NA,NA,NA,NA,NA,NA,NA,NA,NA,NA,NA,NA,NA,NA,NA,-0.667856889,0.384155188,-1.461604469,0.034690276,NA,NA,NA,NA
Procavia capensis,NA,NA,NA,NA,NA,NA,NA,NA,NA,NA,NA,NA,NA,NA,NA,NA,-0.354916524,-0.743954826,-0.061385492,-0.404361147,NA,NA,NA,NA,0.190657244,0.002099991,0.170287667,0.260610879,NA,NA,NA,NA
Procyon lotor,NA,NA,NA,NA,NA,NA,NA,NA,-0.183706139,0.138107431,-0.457528654,0.081873359,NA,NA,NA,NA,NA,NA,NA,NA,NA,NA,NA,NA,-0.345316602,-0.533699072,0.054214669,-0.275258431,0.093030357,-0.170860494,0.16465469,0.366531104
Propithecus coquereli,-1.525488539,0.432209005,-2.396530629,-0.695611747,NA,NA,NA,NA,NA,NA,NA,NA,NA,NA,NA,NA,NA,NA,NA,NA,NA,NA,NA,NA,NA,NA,NA,NA,NA,NA,NA,NA
Pseudocheirus peregrinus,NA,NA,NA,NA,NA,NA,NA,NA,NA,NA,NA,NA,NA,NA,NA,NA,NA,NA,NA,NA,NA,NA,NA,NA,-2.242894414,0.236763565,-2.708957878,-1.793090445,NA,NA,NA,NA
Pteropus rodricensis,-0.248729639,0.186499137,-0.63216574,0.097811211,NA,NA,NA,NA,NA,NA,NA,NA,NA,NA,NA,NA,NA,NA,NA,NA,NA,NA,NA,NA,NA,NA,NA,NA,NA,NA,NA,NA
Puma concolor,NA,NA,NA,NA,NA,NA,NA,NA,-0.443318591,0.180918416,-0.818077646,-0.101989391,NA,NA,NA,NA,NA,NA,NA,NA,NA,NA,NA,NA,-0.475828585,0.161577595,-0.792192887,-0.16297336,NA,NA,NA,NA
Rangifer tarandus,NA,NA,NA,NA,NA,NA,NA,NA,NA,NA,NA,NA,NA,NA,NA,NA,NA,NA,NA,NA,NA,NA,NA,NA,-0.418895463,0.156583658,-0.742510967,-0.11956577,NA,NA,NA,NA
Rattus norvegicus,NA,NA,NA,NA,NA,NA,NA,NA,-0.058946526,0.092181246,-0.240508717,0.122717072,NA,NA,NA,NA,NA,NA,NA,NA,NA,NA,NA,NA,0.031765939,0.089955252,-0.147041917,0.2016332,NA,NA,NA,NA
Rousettus aegyptiacus,NA,NA,NA,NA,NA,NA,NA,NA,NA,NA,NA,NA,NA,NA,NA,NA,NA,NA,NA,NA,NA,NA,NA,NA,0.640343409,0.096224378,0.44790297,0.823908717,NA,NA,NA,NA
Saguinus bicolor,-0.761984954,0.272126462,-1.318195534,-0.245136792,NA,NA,NA,NA,NA,NA,NA,NA,NA,NA,NA,NA,NA,NA,NA,NA,NA,NA,NA,NA,NA,NA,NA,NA,NA,NA,NA,NA
Saguinus imperator,-0.307571826,0.169303695,-0.645755416,0.01210228,NA,NA,NA,NA,NA,NA,NA,NA,NA,NA,NA,NA,-0.014045584,0.306230179,-0.655726636,0.559494702,NA,NA,NA,NA,NA,NA,NA,NA,NA,NA,NA,NA
Saguinus oedipus,-0.32436665,-0.564169904,-0.108310871,-0.344234474,NA,NA,NA,NA,NA,NA,NA,NA,0.122675137,-0.087169872,0.116636636,0.117123287,-0.267493259,-1.065518865,-0.160522473,-0.489928329,NA,NA,NA,NA,0.366266496,0.373442163,0.165343082,0.149762609,NA,NA,NA,NA
Saimiri boliviensis,0.358189858,-0.255923839,0.112565494,-0.314855076,NA,NA,NA,NA,NA,NA,NA,NA,0.29494843,0.904464334,0.208127549,0.509415854,NA,NA,NA,NA,NA,NA,NA,NA,0.221040022,-0.107260085,-0.157601478,-0.556768658,0.165056573,0.533241327,0.198318105,0.221611487
Saimiri sciureus,-0.609261982,-1.202146238,-0.233283937,-0.86929616,NA,NA,NA,NA,0.280776523,-0.105504241,0.299878099,0.313113027,NA,NA,NA,NA,NA,NA,NA,NA,NA,NA,NA,NA,-0.465962104,0.200927226,-0.879746867,-0.091991508,NA,NA,NA,NA
Sapajus apella,-1.6164688,0.77748413,-3.414327727,-0.373822344,NA,NA,NA,NA,NA,NA,NA,NA,NA,NA,NA,NA,NA,NA,NA,NA,NA,NA,NA,NA,0.082655035,0.182893683,-0.283877389,0.426688435,NA,NA,NA,NA
Sapajus xanthosternos,-1.042300042,0.594030644,-2.324734309,0.02554045,NA,NA,NA,NA,NA,NA,NA,NA,NA,NA,NA,NA,NA,NA,NA,NA,NA,NA,NA,NA,-0.709805486,0.490621904,-1.729455347,0.17903631,NA,NA,NA,NA
Suricata suricatta,-0.2109076,-0.001058337,-0.127228028,0.155172064,NA,NA,NA,NA,0.109112117,0.182803641,0.464036014,-0.128751191,-0.429069431,0.151071664,0.185477083,0.480707257,0.055921927,0.558688754,-0.196613154,0.150804611,NA,NA,NA,NA,0.278411008,-0.022239218,0.140180408,-0.056784229,-0.523031204,0.086165991,0.24142565,0.52430969
Sus scrofa,NA,NA,NA,NA,NA,NA,NA,NA,-0.262443766,0.204218429,-0.678412341,0.111721331,NA,NA,NA,NA,NA,NA,NA,NA,NA,NA,NA,NA,-0.290551753,-0.505984362,-0.042140865,-0.426418797,0.10961261,-0.074523038,0.19485749,0.321938024
Symphalangus syndactylus,-1.084720571,0.386742422,-1.887734013,-0.369217247,NA,NA,NA,NA,NA,NA,NA,NA,NA,NA,NA,NA,NA,NA,NA,NA,NA,NA,NA,NA,NA,NA,NA,NA,NA,NA,NA,NA
Tapirus terrestris,-0.19788318,0.29609337,-0.813379143,0.341550416,NA,NA,NA,NA,NA,NA,NA,NA,NA,NA,NA,NA,NA,NA,NA,NA,NA,NA,NA,NA,-0.297051363,0.428610568,-1.206138178,0.47774706,NA,NA,NA,NA
Theropithecus gelada,-0.608057079,1.181743666,-3.414257692,1.21424505,NA,NA,NA,NA,NA,NA,NA,NA,NA,NA,NA,NA,NA,NA,NA,NA,NA,NA,NA,NA,NA,NA,NA,NA,NA,NA,NA,NA
Trachypithecus auratus,0.385148855,0.280328085,-0.214445274,0.890644979,NA,NA,NA,NA,NA,NA,NA,NA,NA,NA,NA,NA,NA,NA,NA,NA,NA,NA,NA,NA,NA,NA,NA,NA,NA,NA,NA,NA
Trachypithecus cristatus,-0.643170035,0.443106336,-1.597629465,0.147569218,NA,NA,NA,NA,NA,NA,NA,NA,NA,NA,NA,NA,NA,NA,NA,NA,NA,NA,NA,NA,NA,NA,NA,NA,NA,NA,NA,NA
Trachypithecus francoisi,0.011620357,0.288474436,-0.584675832,0.550213688,NA,NA,NA,NA,NA,NA,NA,NA,NA,NA,NA,NA,NA,NA,NA,NA,NA,NA,NA,NA,NA,NA,NA,NA,NA,NA,NA,NA
Tragelaphus angasii,NA,NA,NA,NA,NA,NA,NA,NA,NA,NA,NA,NA,NA,NA,NA,NA,NA,NA,NA,NA,NA,NA,NA,NA,-0.11615244,0.240640299,-0.619332057,0.336337886,NA,NA,NA,NA
Tragelaphus oryx,NA,NA,NA,NA,NA,NA,NA,NA,NA,NA,NA,NA,NA,NA,NA,NA,NA,NA,NA,NA,NA,NA,NA,NA,-0.251642523,0.123644522,-0.503396563,-0.019875662,NA,NA,NA,NA
Tragelaphus strepsiceros,0.348306297,0.199694094,-0.055853054,0.729275402,NA,NA,NA,NA,NA,NA,NA,NA,NA,NA,NA,NA,NA,NA,NA,NA,NA,NA,NA,NA,0.050013435,0.171352375,-0.305535952,0.384483523,NA,NA,NA,NA
Ursus americanus,NA,NA,NA,NA,NA,NA,NA,NA,NA,NA,NA,NA,NA,NA,NA,NA,NA,NA,NA,NA,NA,NA,NA,NA,-0.246761386,0.222721061,-0.699029746,0.174589769,NA,NA,NA,NA
Ursus arctos,NA,NA,NA,NA,NA,NA,NA,NA,NA,NA,NA,NA,NA,NA,NA,NA,NA,NA,NA,NA,NA,NA,NA,NA,-0.129978699,0.182751445,-0.499519333,0.211125041,NA,NA,NA,NA
Varecia rubra,-0.328964231,-0.73948634,0.240555168,-0.154472172,NA,NA,NA,NA,NA,NA,NA,NA,0.196839222,0.035647577,0.193546272,0.596231826,NA,NA,NA,NA,NA,NA,NA,NA,NA,NA,NA,NA,NA,NA,NA,NA
Varecia variegata,-0.179772793,-0.621511552,0.386901007,0.054716906,NA,NA,NA,NA,NA,NA,NA,NA,0.214427593,0.221692152,0.160934086,0.686653836,NA,NA,NA,NA,NA,NA,NA,NA,-0.225653664,0.206681749,-0.645062302,0.155312591,NA,NA,NA,NA
Vicugna pacos,NA,NA,NA,NA,NA,NA,NA,NA,NA,NA,NA,NA,NA,NA,NA,NA,NA,NA,NA,NA,NA,NA,NA,NA,-0.146026984,-0.430871183,-0.040850975,-0.535616989,0.140608655,0.116996858,0.241607092,0.409745697
Vicugna vicugna,NA,NA,NA,NA,NA,NA,NA,NA,NA,NA,NA,NA,NA,NA,NA,NA,NA,NA,NA,NA,NA,NA,NA,NA,-0.266668902,0.331730173,-0.965762089,0.347757077,NA,NA,NA,NA
Vulpes lagopus,NA,NA,NA,NA,NA,NA,NA,NA,NA,NA,NA,NA,NA,NA,NA,NA,NA,NA,NA,NA,NA,NA,NA,NA,-0.144744762,0.21467249,-0.578275326,0.263220428,NA,NA,NA,NA
Vulpes vulpes,NA,NA,NA,NA,NA,NA,NA,NA,-0.296047067,0.31762338,-0.948251021,0.271133223,NA,NA,NA,NA,NA,NA,NA,NA,NA,NA,NA,NA,-0.264575557,0.18643358,-0.644181292,0.088117384,NA,NA,NA,NA
Vulpes zerda,NA,NA,NA,NA,NA,NA,NA,NA,NA,NA,NA,NA,NA,NA,NA,NA,NA,NA,NA,NA,NA,NA,NA,NA,0.310258689,0.224517423,-0.156578058,0.735276872,NA,NA,NA,NA
Wallabia bicolor,NA,NA,NA,NA,NA,NA,NA,NA,NA,NA,NA,NA,NA,NA,NA,NA,NA,NA,NA,NA,NA,NA,NA,NA,-1.670874251,0.305098094,-2.314396942,-1.11237838,NA,NA,NA,NA
Zalophus californianus,-0.167176784,0.528965578,-1.280464934,0.774695662,NA,NA,NA,NA,NA,NA,NA,NA,NA,NA,NA,NA,NA,NA,NA,NA,NA,NA,NA,NA,-0.181332873,0.186735362,-0.560098464,0.1735132,NA,NA,NA,NA